rank,name,handle,group,role,followers,quanzhong_score,grey_relation,association_weight,cross_follow_count,cross_follow_ratio,posts_count,comments_count,likes_count,reposts_count,semantic_ai,pagerank
1,Soumith Chintala,soumithchintala,founder,Co-creator of PyTorch,279783,0.688852,0.657842,16.09407,15,0.789474,0,0,0,0,0.375,0.01745205
2,NVIDIA Newsroom,nvidianewsroom,company,NVIDIA News,49127,0.687272,0.583029,20.578193,23,0.766667,0,0,0,0,0.0,0.00915605
3,NVIDIA,nvidia,company,GPU & AI Computing,2435436,0.662133,0.573598,19.092587,20,0.606061,0,0,0,0,0.125,0.00512025
4,Oriol Vinyals,OriolVinyalsML,researcher,Research Scientist at Google DeepMind,195505,0.606952,0.569661,14.797724,16,0.484848,0,0,0,0,0.75,0.00763295
5,Lucas Beyer (bl16),giffmana,researcher,Research Scientist at Google,123506,0.564796,0.55608,12.168699,11,0.733333,0,0,0,0,0.625,0.01393012
6,Hugging Face,huggingface,company,AI/ML Platform,619739,0.557628,0.51027,14.404578,16,0.666667,0,0,0,0,0.25,0.00659023
7,Aran Komatsuzaki,arankomatsuzaki,researcher,AI Researcher,158431,0.532241,0.525492,11.378138,10,0.454545,0,0,0,0,0.625,0.01151735
8,Sasha Rush,srush_nlp,researcher,Professor at Cornell,75445,0.517442,0.504039,11.484258,11,0.6875,0,0,0,0,0.25,0.01191497
9,Yann LeCun,ylecun,researcher,Chief AI Scientist at Meta,1029016,0.514819,0.55106,8.368645,8,0.4,0,0,0,0,0.875,0.01199799
10,Peter Steinberger ü¶û,steipete,founder,Polyagentmorous ClawFather,263858,0.496952,0.623022,2.461114,2,1.0,0,0,0,0,0.125,0.03420077
11,Sebastian Raschka,rasbt,researcher,Professor,389642,0.490656,0.500924,9.473723,9,0.5,0,0,0,0,0.75,0.00767242
12,Rosanne Liu,savvyRL,founder,Google,49438,0.483516,0.478322,10.280553,9,0.529412,0,0,0,0,0.375,0.01000521
13,Wojciech Zaremba,woj_zaremba,researcher,Co-founder at OpenAI,132312,0.476995,0.467178,10.4316,9,0.409091,0,0,0,0,0.25,0.00880982
14,Julien Chaumond,julien_c,founder,Co-founder at Hugging Face,68444,0.470609,0.455598,10.620635,10,0.625,0,0,0,0,0.25,0.0058913
15,Jeremy Howard,jeremyphoward,researcher,Founder at fast.ai,270690,0.466882,0.471981,9.30375,8,0.666667,0,0,0,0,0.25,0.00886199
16,clem ü§ó,ClementDelangue,founder,CEO at Hugging Face,194312,0.464445,0.451703,10.354055,9,0.36,0,0,0,0,0.125,0.00626541
17,Google DeepMind,GoogleDeepMind,company,AI Research Lab,1331053,0.464066,0.483288,8.374827,8,0.32,0,0,0,0,0.5,0.00783921
18,Anthropic,AnthropicAI,company,AI Safety Company,808848,0.46053,0.488386,7.769659,8,0.571429,0,0,0,0,0.375,0.01622716
19,Gautam Kamath,thegautamkamath,researcher,Professor at Waterloo,61042,0.458385,0.479304,8.153388,9,0.9,0,0,0,0,0.25,0.00587164
20,hardmaru,hardmaru,researcher,Research Scientist at Google,382975,0.455518,0.460551,9.074248,8,0.4,0,0,0,0,0.375,0.00646993
21,Kevin Patrick Murphy,sirbayes,researcher,Professor at UBC,66408,0.451844,0.48278,7.401156,6,0.5,0,0,0,0,0.75,0.00806486
22,Sara Hooker,sarahookr,researcher,Research Lead at Cohere,56192,0.450319,0.466852,8.25809,8,0.615385,0,0,0,0,0.5,0.00720975
23,Jason Wei,_jasonwei,researcher,Research at OpenAI,103595,0.447993,0.463672,8.26292,8,0.615385,0,0,0,0,0.5,0.00658698
24,Demis Hassabis,demishassabis,founder,CEO at Google DeepMind,639495,0.44727,0.459363,8.469262,9,0.28125,0,0,0,0,0.125,0.00498883
25,Dan Roy,roydanroy,researcher,CTO & Professor at Google,62235,0.446133,0.461677,8.233016,7,0.583333,0,0,0,0,0.5,0.00710676
26,Jim Fan,DrJimFan,researcher,Senior Research Scientist at NVIDIA,357475,0.441414,0.479208,6.763777,6,0.26087,0,0,0,0,0.625,0.00713714
27,NVIDIA Omniverse,nvidiaomniverse,company,NVIDIA Omniverse Platform,24121,0.440177,0.434353,9.428435,8,0.615385,0,0,0,0,0.125,0.00531647
28,NVIDIA Data Center,NVIDIADC,company,NVIDIA Data Center,53705,0.438698,0.428289,9.6808,8,0.533333,0,0,0,0,0.25,0.00265333
29,AK,_akhaliq,founder,HuggingFace,454313,0.434694,0.458911,7.462951,6,0.352941,0,0,0,0,0.375,0.00832085
30,Richard Socher,RichardSocher,founder,CEO at You.com,114855,0.433256,0.464251,7.015348,7,0.194444,0,0,0,0,0.25,0.00393182
31,Sander Dieleman,sedielem,researcher,Research Scientist at Google,65858,0.428421,0.463528,6.662361,5,0.277778,0,0,0,0,0.75,0.00544582
32,elvis,omarsar0,researcher,Meta,288103,0.426932,0.43696,8.178505,8,0.4,0,0,0,0,0.25,0.00507946
33,NVIDIA AI,NVIDIAAI,company,NVIDIA AI Division,257189,0.425346,0.423652,8.868835,7,0.368421,0,0,0,0,0.125,0.00323495
34,Sergey Levine,svlevine,researcher,Professor at UC Berkeley,119196,0.423632,0.45378,6.869771,6,0.666667,0,0,0,0,0.25,0.00666962
35,Horace He,cHHillee,founder,,45329,0.417911,0.44134,7.166496,7,0.538462,0,0,0,0,0.25,0.00840072
36,Michael Bronstein,mmbronstein,researcher,Professor at Oxford,55624,0.41722,0.444418,6.919852,7,0.583333,0,0,0,0,0.5,0.00539452
37,Sam Altman,sama,founder,CEO at OpenAI,4317707,0.415621,0.45759,5.976037,6,0.25,0,0,0,0,0.25,0.00743423
38,NeurIPS Conference,NeurIPSConf,company,AI/ML Conference,150047,0.41123,0.474655,4.562403,5,0.833333,0,0,0,0,0.25,0.00804012
39,NVIDIA Studio,NVIDIAStudio,company,NVIDIA Studio,64001,0.409398,0.446462,6.15059,6,0.857143,0,0,0,0,0.0,0.0048972
40,abhishek,abhi1thakur,founder,huggingface,96867,0.407841,0.422338,7.510386,7,0.538462,0,0,0,0,0.125,0.00448325
41,Thomas G. Dietterich,tdietterich,researcher,Professor Emeritus at Oregon State,59657,0.40711,0.437013,6.545211,5,0.3125,0,0,0,0,0.5,0.0065132
42,Google AI,GoogleAI,company,Google AI Division,2337542,0.406126,0.436983,6.466139,7,0.583333,0,0,0,0,0.125,0.00307091
43,NVIDIA Robotics,NVIDIARobotics,company,NVIDIA Robotics,124163,0.406115,0.420284,7.495153,6,0.5,0,0,0,0,0.25,0.00327825
44,Peyman Milanfar,docmilanfar,founder,Google,104584,0.40466,0.458804,4.99978,6,0.857143,0,0,0,0,0.375,0.0038517
45,Google Gemini,GeminiApp,company,AI Assistant by Google,400656,0.404464,0.42987,6.768156,7,0.5,0,0,0,0,0.375,0.00369766
46,Delip Rao e/œÉ,deliprao,founder,Busy inventing the shipwreck,65177,0.40373,0.42283,7.141963,7,0.411765,0,0,0,0,0.0,0.00673917
47,NVIDIA GTC,NVIDIAGTC,company,NVIDIA GTC Conference,21962,0.403665,0.406824,8.123739,7,0.388889,0,0,0,0,0.125,0.00237181
48,OpenAI,OpenAI,company,AI Research Company,4617379,0.403642,0.506969,1.945543,2,0.666667,0,0,0,0,0.625,0.01964895
49,Jeff Dean,JeffDean,researcher,Chief Scientist at Google,408294,0.403238,0.456001,5.05571,4,0.181818,0,0,0,0,0.625,0.00633633
50,Fran√ßois Chollet,fchollet,founder,Creator of Keras,603663,0.402096,0.435426,6.230787,6,0.214286,0,0,0,0,0.125,0.00396971
51,Andrej Karpathy,karpathy,founder,Founder at Eureka Labs,1762686,0.398127,0.455449,4.669443,3,0.103448,0,0,0,0,0.25,0.00624051
52,Sam Bowman,sleepinyourhat,researcher,Professor at NYU,53601,0.397794,0.434242,5.950052,6,0.545455,0,0,0,0,0.5,0.00463309
53,Christopher Manning,chrmanning,researcher,Professor at Stanford,157655,0.3961,0.422605,6.528432,6,0.352941,0,0,0,0,0.25,0.00465699
54,Miles Brundage,Miles_Brundage,researcher,CTO & Researcher,66066,0.387203,0.424227,5.696806,5,0.384615,0,0,0,0,0.375,0.00673296
55,Matthias Niessner,MattNiessner,researcher,Co-founder & Professor,44231,0.386302,0.476471,2.400549,3,1.0,0,0,0,0,0.375,0.00219586
56,Claude,claudeai,company,AI Assistant by Anthropic,421405,0.385323,0.491071,1.419598,1,1.0,0,0,0,0,0.25,0.00810481
57,Andrew Ng,AndrewYNg,founder,Co-founder at Google,1357621,0.381382,0.421183,5.4058,5,0.238095,0,0,0,0,0.125,0.00393982
58,Zachary Lipton,zacharylipton,researcher,Professor at CMU,64855,0.380645,0.408081,6.15326,5,0.294118,0,0,0,0,0.125,0.00489435
59,NVIDIA Workstation,NVIDIAworkstatn,company,NVIDIA Workstation,36588,0.379703,0.395203,6.87002,5,0.384615,0,0,0,0,0.125,0.00196952
60,NVIDIA ANZ,NvidiaANZ,company,NVIDIA Australia & NZ,48628,0.378642,0.464937,2.481994,2,1.0,0,0,0,0,0.125,0.00283287
61,Thomas Wolf,Thom_Wolf,founder,Co-founder at Hugging Face,100835,0.377056,0.402027,6.231488,5,0.277778,0,0,0,0,0.0,0.00390831
62,NVIDIA AI Developer,NVIDIAAIDev,company,NVIDIA AI Developer,91221,0.376283,0.406068,5.918712,4,0.181818,0,0,0,0,0.125,0.00391935
63,NVIDIA AI PC,NVIDIA_AI_PC,company,NVIDIA AI PC,24577,0.375564,0.411248,5.540174,6,0.666667,0,0,0,0,0.125,0.00275235
64,PyTorch,PyTorch,company,ML Framework,473330,0.374365,0.422893,4.723332,4,0.4,0,0,0,0,0.25,0.00641366
65,TensorFlow,TensorFlow,company,ML Framework,379863,0.372916,0.424231,4.521629,5,0.454545,0,0,0,0,0.5,0.00238654
66,Zoubin Ghahramani,ZoubinGhahrama1,researcher,VP Research at Google,33260,0.371363,0.453267,2.603148,1,0.047619,0,0,0,0,0.875,0.00238892
67,OpenAI Developers,OpenAIDevs,company,OpenAI Developer Platform,265040,0.370016,0.47793,0.971344,1,1.0,0,0,0,0,0.125,0.00893146
68,Kosta Derpanis (sabbatical in Munich),CSProfKGD,researcher,CTO,74781,0.369017,0.413108,4.886984,5,0.416667,0,0,0,0,0.25,0.00619747
69,Google Antigravity,antigravity,company,Google Experimental,114177,0.368815,0.420497,4.414672,5,0.714286,0,0,0,0,0.125,0.00258051
70,Omar Sanseviero,osanseviero,founder,huggingface,61620,0.36742,0.401727,5.457666,4,0.25,0,0,0,0,0.25,0.00398375
71,Greg Brockman,gdb,founder,President at OpenAI,909490,0.366324,0.438146,3.121392,2,0.666667,0,0,0,0,0.125,0.00695638
72,Bojan Tunguz,tunguz,founder,Nvidia,260771,0.364891,0.406554,4.951991,5,0.357143,0,0,0,0,0.25,0.00271347
73,moltbook,moltbook,founder,,238087,0.364087,0.455307,1.879034,1,0.5,0,0,0,0,0.375,0.02148011
74,NVIDIA Healthcare,NVIDIAHealth,company,NVIDIA Healthcare,13622,0.363936,0.395554,5.551845,5,0.454545,0,0,0,0,0.25,0.00174967
75,Microsoft Azure,Azure,company,Microsoft Cloud Platform,1060845,0.362876,0.469985,0.874207,1,1.0,0,0,0,0,0.0,0.00132337
76,koray kavukcuoglu,koraykv,researcher,VP Research at Google DeepMind,21543,0.361254,0.410155,4.430803,4,0.181818,0,0,0,0,0.5,0.00235954
77,Edward Grefenstette,egrefen,researcher,CTO & Professor,44586,0.35957,0.409745,4.317537,4,0.2,0,0,0,0,0.5,0.00258388
78,Everlyn,Everlyn_ai,company,AI Assistant,146417,0.35682,0.465005,0.683333,1,1.0,0,0,0,0,0.25,0.001091
79,NVIDIA GeForce DE,NVIDIAGeForceDE,company,NVIDIA Germany,174189,0.355769,0.458822,0.978235,1,1.0,0,0,0,0,0.0,0.00122711
80,Amanda Askell,AmandaAskell,researcher,Researcher at Anthropic,69652,0.354937,0.410484,3.891011,4,0.363636,0,0,0,0,0.375,0.00755427
81,NVIDIA HPC Developer,NVIDIAHPCDev,company,NVIDIA HPC,54158,0.354784,0.383516,5.541732,4,0.307692,0,0,0,0,0.0,0.00175603
82,Boris Cherny,bcherny,founder,Claude Code @anthropicai,248031,0.353905,0.413525,3.618602,3,0.2,0,0,0,0,0.0,0.01025883
83,Dr. Steve Keen,ProfSteveKeen,researcher,Professor,110060,0.35179,0.458082,0.696667,1,1.0,0,0,0,0,0.125,0.0006736
84,Nando de Freitas,NandoDF,researcher,VP Research at Google DeepMind,107898,0.351508,0.41913,3.07583,2,0.1,0,0,0,0,0.625,0.00307506
85,Google Labs,GoogleLabs,company,Google Experimental Projects,124492,0.345817,0.415737,2.817089,3,0.75,0,0,0,0,0.125,0.00193126
86,NVIDIA DRIVE,NVIDIADRIVE,company,NVIDIA Autonomous Vehicles,18358,0.345797,0.384969,4.713054,4,0.444444,0,0,0,0,0.125,0.0016229
87,Nate Raw,_nateraw,founder,huggingface,9526,0.345724,0.388867,4.466587,4,0.190476,0,0,0,0,0.25,0.00154697
88,Douwe Kiela,douwekiela,researcher,Professor at Cambridge,14921,0.345691,0.390581,4.358248,4,0.16,0,0,0,0,0.125,0.00187129
89,James Montemagno,JamesMontemagno,founder,Microsoft,28914,0.345674,0.449422,0.727778,1,1.0,0,0,0,0,0.0,0.00083397
90,Sebastien Bubeck,SebastienBubeck,researcher,Research at Microsoft,69318,0.345138,0.411245,3.038282,2,0.142857,0,0,0,0,0.625,0.00308425
91,NVIDIAGameDev,NVIDIAGameDev,company,NVIDIA Game Development,56616,0.344881,0.381326,4.862401,4,0.285714,0,0,0,0,0.0,0.00221737
92,NVIDIA GeForce,NVIDIAGeForce,company,NVIDIA Gaming GPUs,3042664,0.344198,0.414835,2.73962,2,0.5,0,0,0,0,0.125,0.00252147
93,Google AI Developers,googleaidevs,company,Google AI Developer Relations,97966,0.344125,0.387101,4.44403,4,0.25,0,0,0,0,0.125,0.0021978
94,Jack Clark,jackclarkSF,founder,Co-founder at Anthropic,109822,0.343265,0.39444,3.920659,3,0.230769,0,0,0,0,0.25,0.00423712
95,Ross Wightman,wightmanr,founder,Computer Vision @ ü§ó,23400,0.34325,0.388841,4.264859,4,0.235294,0,0,0,0,0.25,0.00275273
96,Lior Alexander,LiorOnAI,founder,Founder,112235,0.342956,0.393001,3.984016,4,0.25,0,0,0,0,0.25,0.00234561
97,merve,mervenoyann,founder,huggingface,84437,0.341661,0.395172,3.743663,3,0.5,0,0,0,0,0.0,0.00366444
98,Felix Hill,FelixHill84,researcher,Research Scientist at Google DeepMind,12389,0.339283,0.39814,3.365083,3,0.157895,0,0,0,0,0.5,0.0019522
99,Shane Gu,shaneguML,founder,OpenAI,47682,0.338592,0.396801,3.390825,3,0.2,0,0,0,0,0.375,0.00293831
100,Graham Neubig,gneubig,researcher,Professor at CMU,42016,0.338366,0.389213,3.840193,4,0.363636,0,0,0,0,0.25,0.00247133
101,AI Pub,ai__pub,company,AI News & Research,71715,0.337798,0.391394,3.659002,3,0.142857,0,0,0,0,0.25,0.00161439
102,John Schulman,johnschulman2,researcher,Co-founder at OpenAI,72576,0.336946,0.40392,2.816393,2,0.105263,0,0,0,0,0.5,0.00345783
103,Riley Goodside,goodside,founder,Staff Prompt Engineer @GoogleDeepMind,164810,0.336818,0.393157,3.469701,3,0.1875,0,0,0,0,0.0,0.00528471
104,Bill Peebles,billpeeb,researcher,Research Scientist at OpenAI,43035,0.336358,0.397241,3.179983,3,0.2,0,0,0,0,0.5,0.00246684
105,"Sasha Luccioni, PhD ü¶ãüåé‚ú®ü§ó",SashaMTL,founder,HuggingFace,22589,0.335783,0.381592,4.097804,4,0.285714,0,0,0,0,0.125,0.00209745
106,Tibo,thsottiaux,founder,OpenAI,28496,0.334578,0.392095,3.350975,3,0.3,0,0,0,0,0.125,0.00652981
107,Durk Kingma,dpkingma,researcher,Research Scientist at Google,51723,0.334333,0.414871,1.926133,1,0.090909,0,0,0,0,0.75,0.00265628
108,Ian Goodfellow,goodfellow_ian,researcher,Creator of GANs,359293,0.334101,0.404432,2.550828,2,0.133333,0,0,0,0,0.5,0.00243494
109,Alexandr Wang,alexandr_wang,founder,CEO at Scale AI,379439,0.333797,0.396676,3.004228,2,0.166667,0,0,0,0,0.125,0.00717724
110,Chris Olah,ch402,researcher,Research Scientist at Anthropic,133758,0.332793,0.406985,2.285907,2,0.2,0,0,0,0,0.625,0.00304394
111,Anca Dragan,ancadianadragan,researcher,Professor at UC Berkeley,13227,0.332179,0.399714,2.683801,2,0.090909,0,0,0,0,0.5,0.0031951
112,Gary Marcus,GaryMarcus,media,AI Critic & Author,207844,0.331677,0.395756,2.886647,3,0.142857,0,0,0,0,0.25,0.00228566
113,Alexia Jolicoeur-Martineau,jm_alexia,researcher,Research Scientist,24423,0.330409,0.396927,2.710147,2,0.133333,0,0,0,0,0.5,0.00352373
114,Natasha Jaques,natashajaques,company,Professor & Research Scientist,32216,0.328123,0.384284,3.301922,3,0.230769,0,0,0,0,0.25,0.00260118
115,Varun Mohan,_mohansolo,founder,building @antigravity @GoogleDeepMind,40788,0.327945,0.380897,3.496194,4,0.307692,0,0,0,0,0.0,0.00299903
116,Petar Veliƒçkoviƒá,PetarV_93,researcher,Staff Research Scientist at Google DeepMind,42999,0.327231,0.395418,2.541868,2,0.125,0,0,0,0,0.5,0.00210062
117,Azalia Mirhoseini,Azaliamirh,researcher,Research Scientist at Google,17797,0.326627,0.397714,2.350573,2,0.133333,0,0,0,0,0.625,0.00099952
118,Satya Nadella,satyanadella,founder,CEO at Microsoft,3609962,0.326097,0.400892,2.111017,2,0.166667,0,0,0,0,0.0,0.00357013
119,Jay Hack,mathemagic1an,founder,Founder at stanford,60473,0.324057,0.382551,3.07442,3,0.230769,0,0,0,0,0.25,0.00189162
120,Jan Leike,janleike,founder,Former Alignment Lead at OpenAI,121018,0.322908,0.391006,2.458474,2,0.222222,0,0,0,0,0.375,0.00426709
121,NVIDIA Networking,NVIDIANetworkng,company,NVIDIA Networking,76651,0.321406,0.373183,3.434219,3,0.333333,0,0,0,0,0.0,0.00110118
122,MMitchell,mmitchell_ai,researcher,Chief Ethics Scientist at Hugging Face,81194,0.321069,0.400528,1.719978,1,0.083333,0,0,0,0,0.625,0.00176472
123,Shengjia Zhao,shengjia_zhao,researcher,Meta,51349,0.320468,0.392308,2.177583,2,0.133333,0,0,0,0,0.5,0.00188947
124,üå©Ô∏è NVIDIA GeForce NOW,NVIDIAGFN,company,NVIDIA GeForce NOW,199584,0.319613,0.388451,2.345086,2,0.5,0,0,0,0,0.0,0.00354078
125,Niels Rogge,NielsRogge,founder,huggingface,18424,0.319227,0.393748,1.986675,1,0.043478,0,0,0,0,0.5,0.00081449
126,Thomas Kipf,tkipf,researcher,Research Scientist at Google DeepMind,28851,0.316533,0.407936,0.890117,0,0.0,0,0,0,0,0.75,0.00067392
127,Boaz Barak,boazbaraktcs,researcher,Professor at Harvard,28717,0.31589,0.38189,2.443569,2,0.181818,0,0,0,0,0.375,0.00278039
128,Catherine Olsson,catherineols,researcher,Safety Team at Anthropic,18988,0.315105,0.381355,2.412015,2,0.153846,0,0,0,0,0.375,0.00341293
129,‚øª Andrew Trask,iamtrask,researcher,Privacy AI Researcher,79633,0.314944,0.384269,2.219057,1,0.052632,0,0,0,0,0.25,0.00279437
130,NVIDIA GeForce UK,NVIDIAGeForceUK,company,NVIDIA UK,247888,0.314503,0.381293,2.366396,1,0.333333,0,0,0,0,0.125,0.0034823
131,Jakub Pachocki,merettm,founder,Chief Scientist at OpenAI,52030,0.313861,0.387669,1.92035,2,0.5,0,0,0,0,0.25,0.00295396
132,Peter Welinder,npew,founder,VP at OpenAI,42340,0.313307,0.374083,2.712668,2,0.111111,0,0,0,0,0.125,0.00141486
133,Mira Murati,miramurati,founder,Former CTO at OpenAI,417549,0.313076,0.383101,2.137516,1,0.071429,0,0,0,0,0.125,0.00343346
134,NVIDIA Customer Care,nvidiacc,company,NVIDIA Customer Care,20937,0.313003,0.365932,3.190445,2,0.166667,0,0,0,0,0.0,0.00228884
135,Lewis Tunstall,_lewtun,founder,huggingface,18008,0.31284,0.370619,2.887895,2,0.1,0,0,0,0,0.0,0.00115366
136,OpenClawü¶û,openclaw,founder,The AI that does things,279090,0.311897,0.403413,0.787862,0,0.0,0,0,0,0,0.25,0.01731874
137,Dan Hendrycks,hendrycks,researcher,CTO,44145,0.310904,0.385404,1.816886,2,0.181818,0,0,0,0,0.375,0.00508903
138,Sham Kakade,ShamKakade6,researcher,Professor at Harvard,17260,0.309831,0.389855,1.454163,1,0.1,0,0,0,0,0.625,0.0014574
139,Aleksa Gordiƒá (Ê∞¥Âπ≥ÈóÆÈ¢ò),gordic_aleksa,founder,Microsoft,29073,0.309061,0.375668,2.265764,2,0.083333,0,0,0,0,0.0,0.00095921
140,Yoshua Bengio,Yoshua_Bengio,researcher,Deep Learning Pioneer,34775,0.308705,0.392732,1.184062,1,0.333333,0,0,0,0,0.5,0.00307792
141,NVIDIA GeForce ME,NVIDIAGeForceME,company,NVIDIA Middle East,90470,0.308405,0.370681,2.519405,2,0.285714,0,0,0,0,0.125,0.0009724
142,Google AI Studio,GoogleAIStudio,company,AI Development Platform,113603,0.308006,0.389985,1.296001,1,0.5,0,0,0,0,0.25,0.00250006
143,andy jones,andy_l_jones,founder,anthropic,13857,0.307657,0.372223,2.362753,2,0.166667,0,0,0,0,0.25,0.00262655
144,Matthew Berman,MatthewBerman,media,AI YouTuber,85964,0.307616,0.392263,1.12343,1,0.125,0,0,0,0,0.125,0.01651249
145,Nano Banana Pro,NanoBanana,company,AI Tools,147036,0.306891,0.384669,1.532184,1,0.333333,0,0,0,0,0.25,0.00361692
146,Fei-Fei Li,drfeifei,researcher,Professor at Stanford,554995,0.306732,0.387281,1.35798,1,0.071429,0,0,0,0,0.375,0.00111312
147,Tulsee Doshi,tulseedoshi,founder,CTO at Stanford,12493,0.306316,0.373003,2.204396,2,0.133333,0,0,0,0,0.25,0.00176753
148,Sayak Paul,RisingSayak,founder,ML at Hugging Face ü§ó,21768,0.306245,0.370731,2.338686,2,0.105263,0,0,0,0,0.125,0.00086107
149,Ethan Mollick,emollick,media,Professor at Wharton,318714,0.306236,0.383683,1.539183,1,0.0625,0,0,0,0,0.125,0.00387973
150,Daniel Litt,littmath,researcher,Professor at Toronto,54753,0.306162,0.382172,1.626263,2,0.5,0,0,0,0,0.125,0.00187013
151,NVIDIA GeForce JP,NVIDIAGeForceJP,company,NVIDIA Japan,333761,0.306112,0.387109,1.317597,1,0.5,0,0,0,0,0.125,0.00181491
152,Ilya Sutskever,ilyasut,researcher,Co-founder at OpenAI & SSI,586952,0.306017,0.387227,1.302593,0,0.0,0,0,0,0,0.25,0.00605453
153,Zico Kolter,zicokolter,researcher,Professor at CMU,27272,0.305932,0.393525,0.907136,0,0.0,0,0,0,0,0.625,0.00243413
154,Mustafa Suleyman,mustafasuleyman,founder,CEO at Microsoft AI,227997,0.305112,0.376474,1.891372,1,0.0625,0,0,0,0,0.125,0.00166908
155,Susan Zhang,suchenzang,company,Google,41198,0.304406,0.381653,1.513877,1,0.071429,0,0,0,0,0.375,0.00296785
156,NVIDIA Korea,NVIDIAKorea,company,NVIDIA Korea,17890,0.304199,0.370623,2.177072,2,0.4,0,0,0,0,0.125,0.00112276
157,A√§ron van den Oord,avdnoord,researcher,Research Scientist at Google DeepMind,14528,0.30413,0.380354,1.571334,1,0.066667,0,0,0,0,0.5,0.00077769
158,Hanna Wallach (@hannawallach.bsky.social),hannawallach,researcher,Senior Principal Researcher at Microsoft,20795,0.302553,0.380256,1.447614,1,0.083333,0,0,0,0,0.5,0.00191671
159,NVIDIA GeForce FR,NVIDIAGeForceFR,company,NVIDIA France,546606,0.302493,0.385885,1.095499,1,0.5,0,0,0,0,0.0,0.00199069
160,JFPuget üá∫üá¶üá®üá¶üá¨üá±,JFPuget,researcher,Nvidia,19138,0.302157,0.381088,1.363754,1,0.071429,0,0,0,0,0.5,0.00149097
161,Eliezer Yudkowsky ‚èπÔ∏è,ESYudkowsky,researcher,AI Safety Researcher,215346,0.301537,0.385629,1.032719,1,0.25,0,0,0,0,0.375,0.00313519
162,khipu.ai,Khipu_AI,company,Latin American AI Community,6599,0.301024,0.384673,1.049494,1,0.142857,0,0,0,0,0.625,0.00104422
163,NVIDIA GeForce ES,NVIDIAGeForceES,company,NVIDIA Spain,373202,0.300801,0.383548,1.100577,1,0.5,0,0,0,0,0.0,0.00207916
164,adammaj,MajmudarAdam,founder,openai,17243,0.300409,0.374128,1.649271,2,0.4,0,0,0,0,0.25,0.00118475
165,Lex Fridman,lexfridman,media,Podcast Host & Researcher,4578555,0.30034,0.393749,0.433481,0,0.0,0,0,0,0,0.125,0.00155752
166,Aaron Levie,levie,founder,CEO at Box,2450909,0.29978,0.388148,0.73288,0,0.0,0,0,0,0,0.125,0.00473619
167,Maithra Raghu,maithra_raghu,researcher,Research Scientist at Google,20365,0.299558,0.381907,1.099486,0,0.0,0,0,0,0,0.5,0.00077769
168,Bryan Catanzaro,ctnzr,founder,VP at NVIDIA,23958,0.299309,0.370729,1.76846,1,0.071429,0,0,0,0,0.25,0.00187854
169,Nils Reimers,Nils_Reimers,founder,Cohere,14747,0.299114,0.367724,1.937761,1,0.052632,0,0,0,0,0.125,0.00124031
170,Artificial Analysis,ArtificialAnlys,founder,,78049,0.298399,0.38442,0.849247,1,0.25,0,0,0,0,0.5,0.00165547
171,Josh Tobin,josh_tobin_,founder,openai,13750,0.298045,0.367482,1.864805,2,0.153846,0,0,0,0,0.25,0.00071244
172,Yuandong Tian,tydsh,researcher,Co-founder & CTO at Meta,40526,0.298015,0.382048,0.963964,0,0.0,0,0,0,0,0.5,0.00199986
173,Chelsea Finn,chelseabfinn,researcher,Professor at Stanford,88292,0.297909,0.370857,1.645488,1,0.071429,0,0,0,0,0.25,0.00087212
174,Chris Paxton,chris_j_paxton,founder,Mostly posting about robots,29706,0.297841,0.370001,1.692615,2,0.2,0,0,0,0,0.25,0.0016554
175,Sepp Hochreiter,HochreiterSepp,researcher,LSTM Co-inventor,14347,0.297722,0.369988,1.683668,1,0.055556,0,0,0,0,0.25,0.00098295
176,OpenAI Newsroom,OpenAINewsroom,company,OpenAI News,125155,0.297078,0.37823,1.122428,1,0.333333,0,0,0,0,0.125,0.0069519
177,Igor Babuschkin,ibab,researcher,Research Scientist,107391,0.296727,0.379396,1.021642,0,0.0,0,0,0,0,0.375,0.00167332
178,Fidji Simo,fidjissimo,founder,CEO at OpenAI,91620,0.296258,0.372612,1.401378,1,0.25,0,0,0,0,0.125,0.00269644
179,J√ºrgen Schmidhuber,SchmidhuberAI,researcher,LSTM Co-inventor,181649,0.296245,0.383811,0.709683,0,0.0,0,0,0,0,0.375,0.00624206
180,Christian Szegedy,ChrSzegedy,researcher,Research Scientist,43235,0.296045,0.37988,0.935693,0,0.0,0,0,0,0,0.5,0.00102966
181,Addy Osmani,addyosmani,founder,CTO,365812,0.295783,0.378581,0.994198,1,0.2,0,0,0,0,0.25,0.00276022
182,ChatGPT,ChatGPTapp,company,AI Assistant by OpenAI,489593,0.295167,0.387525,0.391893,0,0.0,0,0,0,0,0.375,0.00840759
183,Tim Zaman,timzaman,founder,OpenAI,35891,0.294971,0.372501,1.302405,1,0.111111,0,0,0,0,0.375,0.00174097
184,Eric Zelikman,ericzelikman,researcher,Co-founder & CEO at stanford,23532,0.294871,0.3739,1.207966,0,0.0,0,0,0,0,0.25,0.00383324
185,Nick,nickcammarata,founder,,90034,0.294404,0.379512,0.823439,1,0.5,0,0,0,0,0.0,0.00412404
186,xAI,xai,company,AI Research Company,1905146,0.29435,0.384084,0.537043,0,0.0,0,0,0,0,0.25,0.00076262
187,Rohan Pandey,khoomeik,company,OpenAI,40575,0.293668,0.372052,1.222975,1,0.0625,0,0,0,0,0.25,0.00168054
188,Stuart Ritchie,StuartJRitchie,founder,Research Comms @AnthropicAI,36492,0.293237,0.376947,0.885647,1,0.5,0,0,0,0,0.125,0.00237319
189,Xin Eric Wang,xwang_lk,researcher,CTO & Professor,19843,0.292685,0.370145,1.25976,1,0.083333,0,0,0,0,0.375,0.00111891
190,Mike Krieger,mikeyk,founder,Co-founder of Instagram,457345,0.292114,0.371553,1.126023,1,0.2,0,0,0,0,0.125,0.00214763
191,Yuhuai (Tony) Wu,Yuhu_ai_,founder,Co-founder,45774,0.291464,0.372829,0.993833,0,0.0,0,0,0,0,0.25,0.00330901
192,Dileep George,dileeplearning,researcher,AI Researcher,14834,0.291346,0.376189,0.776876,0,0.0,0,0,0,0,0.5,0.00085079
193,Qian Huang,qhwang3,researcher,,13818,0.290677,0.371101,1.035707,0,0.0,0,0,0,0,0.125,0.0006351
194,sunny madra,sundeep,company,Nvidia,37748,0.290597,0.363445,1.501283,2,0.285714,0,0,0,0,0.0,0.00182686
195,Rishabh Agarwal,agarwl_,company,Meta,20273,0.289266,0.362272,1.46415,1,0.066667,0,0,0,0,0.125,0.00106633
196,Unsloth AI,UnslothAI,company,LLM Fine-tuning Tools,42291,0.289162,0.370767,0.931695,1,0.333333,0,0,0,0,0.25,0.0012863
197,Chris,chatgpt21,founder,"Agi 2029 - Applied in RL, CL, and generalization",33496,0.289122,0.372962,0.793016,1,0.5,0,0,0,0,0.0,0.00166941
198,Nick Turley,nickaturley,founder,vp & head of @chatgptapp,27562,0.289069,0.364549,1.307536,1,0.076923,0,0,0,0,0.125,0.00258951
199,Melanie Mitchell,MelMitchell1,researcher,Professor at Santa Fe Institute,49653,0.288895,0.362965,1.39096,1,0.090909,0,0,0,0,0.125,0.00113008
200,alphaXiv,askalphaxiv,company,AI Research Platform,32646,0.288788,0.368142,1.062843,1,0.2,0,0,0,0,0.25,0.00186709
201,William Fedus,LiamFedus,company,Co-founder at OpenAI,32714,0.288257,0.362659,1.357319,0,0.0,0,0,0,0,0.125,0.00098769
202,Alexander Embiricos,embirico,founder,OpenAI,23943,0.288243,0.363388,1.311198,1,0.2,0,0,0,0,0.125,0.00285755
203,pash,pashmerepat,founder,openai,14407,0.28779,0.364109,1.229506,1,0.166667,0,0,0,0,0.25,0.00215144
204,Michele Catasta,pirroh,founder,President & Head of AI @Replit,13286,0.287768,0.361215,1.406212,1,0.0625,0,0,0,0,0.125,0.00073926
205,sam mcallister,sammcallister,founder,some people call me smca,19295,0.287522,0.370369,0.821396,1,0.5,0,0,0,0,0.0,0.00208609
206,Josh Woodward,joshwoodward,company,Google,48861,0.287452,0.363927,1.21297,1,0.25,0,0,0,0,0.0,0.00310533
207,NVIDIA Japan,NVIDIAJapan,company,NVIDIA Japan,43620,0.287321,0.35902,1.504738,1,0.25,0,0,0,0,0.0,0.0014432
208,Emad,EMostaque,founder,Founder at Stability AI,307482,0.287289,0.372397,0.677184,0,0.0,0,0,0,0,0.25,0.00317949
209,Logan Kilpatrick,OfficialLoganK,founder,Developer Relations at Google,271055,0.286945,0.368044,0.917295,0,0.0,0,0,0,0,0.125,0.00292372
210,Arena.ai,arena,company,AI Platform,127171,0.285577,0.363792,1.067105,1,0.125,0,0,0,0,0.125,0.00142121
211,Geoffrey Hinton,geoffreyhinton,researcher,Godfather of Deep Learning,547323,0.285267,0.373075,0.469096,0,0.0,0,0,0,0,0.25,0.00183413
212,NVIDIA SHIELD,NVIDIASHIELD,company,NVIDIA SHIELD,66805,0.285132,0.356857,1.458196,1,0.166667,0,0,0,0,0.0,0.00101983
213,heiner,HeinrichKuttler,researcher,DeepMind,19775,0.284848,0.367079,0.804363,0,0.0,0,0,0,0,0.25,0.00134183
214,"Derya Unutmaz, MD",DeryaTR_,researcher,Professor,333650,0.284811,0.377609,0.151881,0,0.0,0,0,0,0,0.5,0.00184478
215,NVIDIA AI Japan,NVIDIAAIJP,company,NVIDIA AI Japan,11812,0.284764,0.358154,1.347894,1,0.25,0,0,0,0,0.125,0.00112276
216,"Zeyuan Allen-Zhu, Sc.D.",ZeyuanAllenZhu,founder,Meta,25291,0.284472,0.361246,1.133275,1,0.083333,0,0,0,0,0.125,0.00204919
217,Caitlin Kalinowski,kalinowski007,founder,OpenAI,13114,0.283582,0.362337,0.99279,1,0.125,0,0,0,0,0.25,0.00223883
218,Subbarao Kambhampati (‡∞ï‡∞Ç‡∞≠‡∞Ç‡∞™‡∞æ‡∞ü‡∞ø ‡∞∏‡±Å‡∞¨‡±ç‡∞¨‡∞æ‡∞∞‡∞æ‡∞µ‡±Å),rao2z,researcher,Professor at ASU,26892,0.283415,0.367246,0.676287,0,0.0,0,0,0,0,0.375,0.00070402
219,Dario Amodei,DarioAmodei,founder,CEO at Anthropic,159658,0.283374,0.368316,0.606913,0,0.0,0,0,0,0,0.125,0.00614117
220,NVIDIA GeForce BR,NVIDIAGeForceBR,company,NVIDIA Brazil,98581,0.283008,0.363052,0.901408,1,0.333333,0,0,0,0,0.0,0.0009724
221,Omar Khattab,lateinteraction,researcher,Professor at MIT,30119,0.282571,0.365792,0.696535,0,0.0,0,0,0,0,0.25,0.00296386
222,Rachel Thomas,math_rachel,researcher,Co-founder & Researcher,92747,0.281661,0.3687,0.442303,0,0.0,0,0,0,0,0.375,0.00132285
223,Remi Cadene,RemiCadene,founder,Co-founder & CEO,20680,0.280828,0.354818,1.22999,1,0.111111,0,0,0,0,0.0,0.0020697
224,Ado,adocomplete,founder,"Community, Claude, Code at @AnthropicAI",21614,0.280621,0.354285,1.245857,1,0.142857,0,0,0,0,0.0,0.00189816
225,Alex Graveley,alexgraveley,founder,CEO,38154,0.280003,0.355213,1.137819,1,0.090909,0,0,0,0,0.0,0.00106729
226,LeRobot,LeRobotHF,company,Robotics Platform,13975,0.279214,0.354245,1.132655,1,0.166667,0,0,0,0,0.125,0.00081449
227,Steven Johnson,stevenbjohnson,media,Author,1045761,0.278476,0.367284,0.267807,0,0.0,0,0,0,0,0.125,0.00118179
228,Alex Dimakis,AlexGDimakis,researcher,Professor at UT Austin,22487,0.278005,0.355719,0.942258,0,0.0,0,0,0,0,0.125,0.00125925
229,Ai2,allen_ai,company,AI Research Institute,79402,0.277908,0.363146,0.476258,0,0.0,0,0,0,0,0.25,0.00130064
230,Brad Smith,BradSmi,media,Microsoft,102207,0.277824,0.356674,0.8685,1,0.166667,0,0,0,0,0.0,0.00090155
231,World Labs,theworldlabs,company,AI Research Lab,54125,0.2778,0.36865,0.127904,0,0.0,0,0,0,0,0.5,0.00080429
232,Austen Allred,Austen,founder,Founder,445345,0.277733,0.363732,0.425722,0,0.0,0,0,0,0,0.125,0.00266241
233,Sriram Krishnan,sriramk,investor,EIR at a16z,305876,0.277655,0.364919,0.346123,0,0.0,0,0,0,0,0.125,0.00376708
234,Rohan Paul,rohanpaul_ai,media,AI Content Creator,132690,0.277649,0.360881,0.594687,0,0.0,0,0,0,0,0.125,0.0018297
235,April C Wright,aprilwright,founder,"The Infosec Diplomat, Absurdist Polymath",18467,0.277088,0.356633,0.810475,1,0.25,0,0,0,0,0.125,0.0006736
236,Palmer Luckey,PalmerLuckey,founder,Founder at Anduril,620679,0.277009,0.363674,0.369824,0,0.0,0,0,0,0,0.0,0.00335874
237,Min Choi,minchoi,founder,AI Educator,355116,0.276751,0.363107,0.383546,0,0.0,0,0,0,0,0.125,0.00135357
238,Anuj Saharan,anujsaharan_,founder,openai,3442,0.275827,0.351547,1.020481,1,0.142857,0,0,0,0,0.125,0.00108919
239,WiML,WiMLworkshop,company,Women in ML Workshop,17628,0.275147,0.363322,0.238363,0,0.0,0,0,0,0,0.5,0.00099892
240,fofr,fofrAI,founder,Google,53534,0.275071,0.358007,0.559936,0,0.0,0,0,0,0,0.25,0.00088446
241,Brian Armstrong,brian_armstrong,founder,CEO at Coinbase,1725389,0.274747,0.366283,0.022826,0,0.0,0,0,0,0,0.125,0.00084485
242,Z.ai,Zai_org,company,AI Company,43687,0.273348,0.359295,0.338834,0,0.0,0,0,0,0,0.25,0.00207439
243,Tom D√∂rr,tom_doerr,founder,,163084,0.2729,0.36093,0.201134,0,0.0,0,0,0,0,0.25,0.00201711
244,Ashok Elluswamy,aelluswamy,founder,Tesla,193748,0.272869,0.358866,0.325816,0,0.0,0,0,0,0,0.125,0.0017209
245,Yann Dubois,yanndubs,company,OpenAI,11968,0.272743,0.355126,0.546171,0,0.0,0,0,0,0,0.125,0.00140548
246,Perplexity,perplexity_ai,company,AI Search Engine,380027,0.271952,0.359153,0.232759,0,0.0,0,0,0,0,0.125,0.00127949
247,Jeff Teper,jeffteper,company,Microsoft,43019,0.271763,0.354867,0.481557,0,0.0,0,0,0,0,0.125,0.00097574
248,Alexander Wei,alexwei_,researcher,OpenAI,24410,0.271476,0.359056,0.199612,0,0.0,0,0,0,0,0.375,0.00097848
249,Alex Albert,alexalbert__,founder,Head of Claude at Anthropic,120305,0.271451,0.356001,0.38591,0,0.0,0,0,0,0,0.125,0.00364482
250,Anshita Saini,anshitasaini_,founder,openai,13559,0.27099,0.353808,0.483318,0,0.0,0,0,0,0,0.25,0.00193908
251,Skild AI,SkildAI,company,Robotics AI,13022,0.270831,0.360916,0.031818,0,0.0,0,0,0,0,0.5,0.00084485
252,Visual Studio Code,code,company,Visual Studio Code,781193,0.270783,0.360395,0.06,0,0.0,0,0,0,0,0.125,0.00096466
253,Microsoft Partner,msPartner,company,Microsoft Partner Network,203139,0.270731,0.354854,0.397486,0,0.0,0,0,0,0,0.125,0.00083397
254,kache,yacineMTB,investor,"reinforcement learning, robots",210660,0.269093,0.356583,0.156145,0,0.0,0,0,0,0,0.125,0.00253552
255,kalomaze,kalomaze,researcher,Researcher,22031,0.269081,0.357073,0.124955,0,0.0,0,0,0,0,0.375,0.00148928
256,Lianmin Zheng,lm_zheng,founder,Co-founder,15563,0.269046,0.348336,0.660942,0,0.0,0,0,0,0,0.0,0.00080455
257,NVIDIA GeForce Latinoam√©rica,NVIDIAGeForceLA,company,NVIDIA Latin America,91804,0.268874,0.348881,0.613189,0,0.0,0,0,0,0,0.0,0.0008476
258,Rihard Jarc,RihardJarc,media,CTO,72302,0.268701,0.355835,0.170058,0,0.0,0,0,0,0,0.25,0.00102557
259,sarah guo,saranormous,investor,Founder at Conviction,126250,0.268468,0.354423,0.237935,0,0.0,0,0,0,0,0.125,0.00158512
260,Muratcan Koylan,koylanai,founder,"Context Engineer, Research Team @ https://t",13778,0.268373,0.355765,0.147384,0,0.0,0,0,0,0,0.375,0.00114315
261,Tristan,ItsTKai,researcher,Researcher at OpenAI,11769,0.26816,0.355141,0.16833,0,0.0,0,0,0,0,0.375,0.00110163
262,Mistral AI,MistralAI,company,AI Research Company,169105,0.268119,0.356551,0.078009,0,0.0,0,0,0,0,0.25,0.0013322
263,Microsoft Surface,surface,company,Microsoft Surface Devices,586612,0.267622,0.35683,0.02,0,0.0,0,0,0,0,0.125,0.00083397
264,Jonathan Ross,JonathanRoss321,founder,Founder at Nvidia,45607,0.267378,0.352241,0.282915,0,0.0,0,0,0,0,0.125,0.00121916
265,Ray Hotate ‰øùÁ´ãÊÄú,rayhotate,researcher,Stanford,14075,0.267046,0.353906,0.152925,0,0.0,0,0,0,0,0.375,0.00077006
266,Black in AI,black_in_ai,company,AI Community Organization,42747,0.266895,0.350062,0.37762,0,0.0,0,0,0,0,0.125,0.00077769
267,Gizem Akdag,gizakdag,founder,CTO,83215,0.266891,0.351173,0.308735,0,0.0,0,0,0,0,0.125,0.00137224
268,AshutoshShrivastava,ai_for_success,founder,,77335,0.266489,0.351652,0.246164,0,0.0,0,0,0,0,0.125,0.00083036
269,Google UK,GoogleUK,company,Google UK,185482,0.266166,0.351897,0.204451,0,0.0,0,0,0,0,0.125,0.00107212
270,Parag Agrawal,paraga,founder,Former CEO at Twitter,545363,0.266108,0.353675,0.09,0,0.0,0,0,0,0,0.0,0.00084485
271,Madhu Guru,realmadhuguru,founder,Google,15876,0.266023,0.349183,0.360043,0,0.0,0,0,0,0,0.125,0.00128844
272,Joseph Suarez üê°,jsuarez,researcher,Founder at MIT,27294,0.265115,0.351646,0.133552,0,0.0,0,0,0,0,0.25,0.00191508
273,Toby Pohlen,TobyPhln,founder,Founding member @xAI,69364,0.264412,0.346125,0.41627,0,0.0,0,0,0,0,0.0,0.00069157
274,Haotian Liu,imhaotian,founder,building intelligence @xAI,11852,0.264062,0.348316,0.252249,0,0.0,0,0,0,0,0.25,0.00086707
275,Gavin Baker,GavinSBaker,investor,Founder at Atreides,221146,0.26399,0.3503,0.124017,0,0.0,0,0,0,0,0.0,0.00165433
276,Jay Kreps,jaykreps,founder,CEO at anthropic,31535,0.263797,0.348947,0.191549,0,0.0,0,0,0,0,0.125,0.0015663
277,the tiny corp,__tinygrad__,company,ML Framework,63505,0.262867,0.348552,0.139426,0,0.0,0,0,0,0,0.125,0.00079411
278,Guohao Li üê´,guohao_li,founder,Oxford,12084,0.262746,0.347062,0.221421,0,0.0,0,0,0,0,0.125,0.00108798
279,Okara,askOkara,founder,private ai chat with open source models,42147,0.262217,0.349237,0.04375,0,0.0,0,0,0,0,0.25,0.00079411
280,McGill University,mcgillu,company,University,148150,0.262029,0.349047,0.04,0,0.0,0,0,0,0,0.125,0.00084762
281,CIX ü¶æ,cixliv,founder,Founder & CEO,32283,0.261665,0.346408,0.172854,0,0.0,0,0,0,0,0.125,0.00103198
282,Kath Korevec,simpsoka,company,CTO at Google,22088,0.260792,0.345161,0.177988,0,0.0,0,0,0,0,0.125,0.00093329
283,Adina Yakup,AdinaYakup,founder,huggingface,12685,0.260205,0.343735,0.217709,0,0.0,0,0,0,0,0.125,0.00107744
284,DSPy,DSPyOSS,company,LLM Programming Framework,12679,0.259981,0.346287,0.041875,0,0.0,0,0,0,0,0.25,0.00067392
285,American Mathematical Society,amermathsoc,company,Mathematics Society,75482,0.259886,0.346515,0.02,0,0.0,0,0,0,0,0.125,0.001091
286,Kazuki Fujisawa,kazu_fujisawa,investor,Ëó§Ê≤¢Êï∞Â∏å (pen name),206157,0.259836,0.346448,0.02,0,0.0,0,0,0,0,0.0,0.00085606
287,Mitchell Hashimoto,mitchellh,founder,Co-founder at HashiCorp,162654,0.259827,0.346092,0.041212,0,0.0,0,0,0,0,0.0,0.00104474
288,Geoffrey Litt,geoffreylitt,founder,,21588,0.259566,0.34297,0.21234,0,0.0,0,0,0,0,0.0,0.00176088
289,Brent Mayo,BrentM_SpaceX,founder,SpaceX,21706,0.259388,0.34106,0.315471,0,0.0,0,0,0,0,0.0,0.0006351
290,Peter Berezin,PeterBerezinBCA,founder,CTO,43706,0.259042,0.344759,0.058889,0,0.0,0,0,0,0,0.125,0.0006736
291,Tatiana Tsiguleva,ciguleva,founder,Creative ambassador @perplexity_ai,85907,0.258854,0.34449,0.06,0,0.0,0,0,0,0,0.0,0.00137224
292,Dario TLO W√ºnsch,TLOgg,founder,Co-founder at deepmind,39528,0.258202,0.343866,0.044872,0,0.0,0,0,0,0,0.125,0.00077769
293,Jasper,zjasper,company,Co-founder & CEO,14866,0.257724,0.341215,0.169026,0,0.0,0,0,0,0,0.0,0.00075708
294,NVIDIA GeForce PL,NVIDIAGeForcePL,company,NVIDIA Poland,17393,0.257329,0.339752,0.226794,0,0.0,0,0,0,0,0.0,0.00110703
295,NVIDIA GeForce TR,nvidiageforcetr,company,NVIDIA Turkey,58151,0.256976,0.341671,0.079392,0,0.0,0,0,0,0,0.0,0.00071297
296,Jonathan Gorard,getjonwithit,founder,Princeton,43651,0.256382,0.341194,0.06,0,0.0,0,0,0,0,0.0,0.00086058
297,Seth Harp,sethharpesq,founder,,72392,0.256315,0.341652,0.02625,0,0.0,0,0,0,0,0.0,0.0006736
298,"Lorwen C Nagle, PhD",LORWEN108,founder,Harvard,72883,0.25625,0.341666,0.02,0,0.0,0,0,0,0,0.0,0.00067392
299,Mattt,mattt,company,huggingface,33870,0.255223,0.339906,0.044138,0,0.0,0,0,0,0,0.0,0.00079411
300,Jerrod Lew,jerrod_lew,media,"Artist, creator and educator",14872,0.253325,0.337442,0.04,0,0.0,0,0,0,0,0.0,0.0007136
